DELIVERY_NOTIFICATION,DESTREC,DELIVERY_ID,SOURCE,ARRIVDATE,SHIPDATE,PO_NUMBER,SO_NUMBER,ITEM,QTY
Lotstring,1099946603,9323710741,,2024-09-29T02:22:30Z,2023/12/30,1156511631,1236665309,1048452158,63
Latlux,9386981106,8816731508,UOOO,2024-09-18T09:10:47Z,2023/11/23,0954540670,1940411270,6105536321,90
Toughjoyfax,5286943381,5022277816,FKKB,2024-04-24T18:22:24Z,2024/10/04,7520403653,2124591274,7774072993,62
Daltfresh,8384459606,9177353331,FAMU,2024-01-06T03:14:37Z,2024/11/01,8736404004,9582126116,9894132294,52
Ronstring,1089998694,8427174500,EGTK,2024-06-26T18:43:01Z,2024/08/16,5296632540,4626031986,8638880979,39
Home Ing,1681500213,6517265341,PHHN,2023-12-28T04:11:37Z,2024/03/15,0191494089,6710497798,7501935637,22
Daltfresh,3215593041,4460261049,KMPZ,2024-03-24T11:45:55Z,2024/09/30,9017878797,7514306404,8666235047,12
Stim,8550723533,3446437711,,2024-01-05T20:09:29Z,2024/06/25,9367236301,6102205766,9206319078,43
Bitchip,5975669820,3121379690,KELN,2024-07-22T17:44:47Z,2024/05/11,2538467195,7099030000,5867837130,69
Stronghold,4383311245,5812773238,KRRL,2024-02-18T13:43:02Z,2024/07/20,3528102098,2878864972,5033857290,27
Regrant,1793386382,1228054274,KTUP,2024-06-04T23:27:58Z,2024/07/13,2667581903,9298969821,2178267610,73
Lotstring,3859119222,6525926920,ZUMY,2024-09-15T19:36:55Z,2024/02/19,7508894251,0558878296,8140668133,16
Stronghold,6664961628,3879120684,KMGC,2024-09-29T22:49:05Z,2024/06/29,5717058624,0350039704,1648915035,82
Temp,5233319918,4715474743,OAJL,2024-06-27T18:46:27Z,2023/12/07,5928965591,2771115913,9157928037,10
Voyatouch,6691556216,7647423940,KBVU,2024-05-08T13:54:09Z,2024/05/23,2608653960,8538857789,4492812407,43
Overhold,0659411547,8923104760,DIBI,2024-06-23T10:20:28Z,2024/05/09,0404149790,0396877540,4168479102,18
Job,1611399068,0452035546,KAAP,2024-09-22T00:25:28Z,2024/05/27,7119314041,1874376530,0740158775,35
Redhold,7669351756,8449314232,FCPA,2024-02-16T14:31:25Z,2024/10/29,3273704233,4324797439,0493469451,40
Flexidy,8793335059,4473443388,RPBL,2024-02-05T03:27:40Z,2023/11/23,0902069845,6462064544,5705122624,46
Veribet,3811275119,8753567463,LGKO,2024-06-03T11:14:47Z,2024/07/31,5001819881,7189499725,4573428933,1
Zontrax,0195344103,2751728006,,2024-09-25T19:06:41Z,2023/12/30,7399078580,3812668211,3217705610,59
Aerified,2021469433,1276069189,SDOW,2024-02-28T04:37:42Z,2024/05/27,2221824954,7159879023,8053525814,4
Redhold,1674332793,2957017067,SSPI,2023-11-16T23:02:01Z,2024/04/16,4113033102,5016902380,5440366806,14
Y-Solowarm,5935119277,2124910426,ETSF,2024-10-07T05:01:14Z,2024/05/18,8799919842,7520660818,2944428411,37
Rank,2355651043,1087644429,KCLE,2023-12-14T12:25:52Z,2024/02/21,4368575334,0175205779,0857939882,50
Ronstring,7902017035,8244007931,,2024-04-07T23:43:42Z,2024/05/07,4749712507,4947221267,2514289157,9
Overhold,9178985013,2893837182,YCSV,2023-12-10T01:08:49Z,2024/03/19,0321877322,5131316510,2824668148,70
Zathin,8920995915,9741801726,KCKC,2024-02-13T07:14:03Z,2024/03/28,3846815519,9817307417,9359003778,63
Fintone,0154338141,3846375659,LSZC,2024-03-13T14:52:41Z,2024/09/03,1081349972,2986073018,8681084259,54
Stim,8708812365,0894040057,KMWH,2024-10-17T07:19:59Z,2024/10/03,8097403145,4049988682,1827274093,25
Flexidy,2730021825,9772214636,OEPA,2024-08-04T04:13:52Z,2023/12/31,5386252240,6205241897,1906536309,79
Overhold,6864711765,3612652893,VVNT,2024-08-17T10:17:04Z,2023/11/18,5602446559,7300191118,4780625300,82
Namfix,9726459281,3813483916,,2024-06-23T06:41:27Z,2024/07/30,3719551946,3968612418,6763514158,66
Bitchip,5629060430,2474495983,FNSU,2024-04-14T03:44:59Z,2024/09/01,2501399234,0674541103,5862812679,10
Daltfresh,1138044482,8170123429,SVPC,2024-03-20T13:38:09Z,2024/04/06,7338228418,7048588500,0524418519,17
Alpha,3777031674,7303724591,,2024-08-30T00:39:39Z,2024/10/21,6569957864,2631767640,8143023842,47
Cardify,5506903405,8833980081,AYXE,2024-08-29T19:43:11Z,2024/05/09,5510316799,1637513321,3639857569,27
Asoka,9774035399,7067322391,KCOF,2024-02-03T20:43:00Z,2024/10/13,1344759831,9449472882,1490283382,75
Pannier,2789462321,8297858774,VAKJ,2024-05-07T22:10:29Z,2024/08/28,7378676322,3177127085,0866572058,100
Fixflex,2711474410,9280979957,ZWAT,2024-05-06T19:16:19Z,2024/05/04,9781059109,3062162139,2840289261,3
Tampflex,1301885703,8750076396,WATW,2024-05-14T19:38:38Z,2024/02/21,1715886968,5805952793,2773822021,77
Fix San,7849659015,3831412642,YNUL,2024-09-25T21:17:27Z,2024/01/13,7556661938,6546712237,2466633655,73
Flexidy,2319699570,5759690744,SCTE,2024-05-26T17:00:02Z,2023/11/24,1196866821,6597179196,4715121921,100
Tresom,7715187941,7030389115,5A8,2024-10-13T19:46:53Z,2024/03/15,5180948738,8852896988,9693281101,21
Fix San,4418212647,1926722582,KILN,2023-12-22T17:29:26Z,2024/07/08,5136351470,1194847382,0652401848,11
Hatity,7213406817,6282775582,CYMW,2024-04-27T14:54:20Z,2024/03/04,6624032375,9519863060,8331915399,7
Y-Solowarm,8097230259,7933897142,SVSA,2024-09-29T06:47:03Z,2024/01/13,6593128570,5742408803,7134482251,24
Y-find,2138796000,6891344956,KMMU,2024-10-20T15:15:33Z,2024/07/22,9849736410,9068688138,9824210458,87
Lotlux,2572577097,1664684239,AYWC,2024-06-16T09:48:17Z,2024/01/26,4121116690,1193124697,1661013457,86
Job,0169171132,5035174549,LTCO,2023-11-24T07:09:58Z,2024/02/24,1206433248,9648464626,6814699834,20
Latlux,7708272351,0903861313,KOBE,2024-05-02T23:16:45Z,2024/09/13,6936764649,4514480975,5044552070,48
Treeflex,0207910197,2681281679,SCES,2024-07-20T15:39:13Z,2024/04/06,4150064253,2542835411,7862836928,98
Zamit,7254177928,2743574496,MGRD,2023-12-07T07:02:27Z,2024/08/11,1945284439,6523980359,3546291859,90
Toughjoyfax,8036426781,2768007404,LSGN,2023-12-09T18:44:38Z,2024/04/12,7718269248,5971970895,2330957661,73
Stim,0253013658,5728859194,FEFM,2024-09-07T03:44:14Z,2024/08/06,1372741569,1747746401,1815858362,12
Vagram,3490610512,5504602084,OYSY,2024-03-26T23:27:53Z,2024/08/01,2597166961,5085743059,1973517728,17
Vagram,8582439288,2012469388,TJFA,2024-04-15T10:40:29Z,2024/04/28,8014965868,8155832872,8671965945,38
Bitwolf,9996952991,6039868511,ZLAK,2024-06-15T09:43:45Z,2024/03/05,6460556474,5984504928,3964229687,90
Voyatouch,0371352274,9063812493,EGJJ,2024-07-20T07:25:58Z,2024/01/06,6698516066,5635750141,2149330180,42
Zamit,7742526247,0944208282,SKSJ,2024-02-27T12:17:16Z,2024/05/27,3168646466,4177418439,0142637696,8
Quo Lux,6054383000,5559674907,YSNF,2024-09-22T16:22:17Z,2024/01/17,9637547401,1516451449,4343455602,43
Namfix,3661656643,3383806677,LFPD,2024-04-25T21:02:41Z,2024/05/31,5630393235,0095170685,2724997670,51
Y-find,4722962871,4989191501,YTKY,2024-05-05T23:58:03Z,2024/10/02,2372240846,5801741232,4638515169,5
Domainer,8949162555,9008029014,HADB,2024-05-20T20:22:13Z,2023/12/07,7754241323,0556127730,6381615419,4
Zontrax,9658241182,5293813625,MMMX,2024-07-28T22:37:47Z,2024/04/03,9151673797,1046917676,6978302546,51
Namfix,9653916459,5164291479,SLLP,2024-08-02T01:20:10Z,2024/06/08,2859491511,0211595438,4805274298,81
Tresom,2237416419,1367878268,EGAE,2023-11-02T09:06:02Z,2024/06/27,4284082051,2492120430,2313432262,12
Cookley,7440827368,0614545919,SPEO,2023-11-05T14:00:13Z,2023/11/25,7017355237,4223609025,0230544762,34
Flowdesk,6860676353,4039311973,,2024-07-09T10:10:08Z,2024/09/03,0377675156,6220335651,1247416674,52
Y-find,7286651382,8401155924,OPMP,2024-08-06T22:40:11Z,2024/03/21,4557212808,9071957519,9462491690,63
Vagram,0043047823,2230022881,RCBS,2024-03-01T20:23:15Z,2024/03/13,7490779243,5964415237,8359302758,86
Konklux,1144307678,4029117090,KADS,2024-06-29T09:35:34Z,2024/05/11,4433913898,7862409965,2883792208,30
Bigtax,5420553929,1816757454,YGPT,2024-01-05T11:10:38Z,2024/03/12,1621858561,5917185050,1141714728,71
Temp,9789807813,4295586684,BGGN,2023-12-16T06:59:56Z,2024/04/18,4248870517,6539741685,2437633731,26
Latlux,3714587519,7400560409,VLXK,2024-01-02T21:00:01Z,2023/11/03,0782189741,2058036395,6258057721,64
Ronstring,0884268950,1409951480,,2023-11-27T08:02:09Z,2024/07/24,8611767187,2332240179,6679719917,22
Wrapsafe,7444949522,1115709879,FMCZ,2024-09-18T11:10:50Z,2024/09/23,6657559348,6120140662,7234770585,63
Toughjoyfax,2660861420,1603785787,YBRY,2023-12-14T19:06:48Z,2024/01/21,4637646014,7587195939,9570295031,3
Duobam,4833413442,6135498630,SSOE,2024-09-10T09:55:37Z,2024/07/06,3423429925,9241821108,0865615306,14
Tin,5553538173,9874529369,,2024-02-24T06:17:19Z,2024/06/18,3158473607,3450826557,2254427903,86
Holdlamis,7719809106,6459009015,FAMG,2024-08-30T16:39:49Z,2024/05/05,2323978039,5389389530,0677480482,90
Domainer,6282664926,7994910246,PFKT,2024-08-10T07:19:45Z,2024/08/22,1649831684,9315154282,8975310043,20
Trippledex,7619042695,3549462522,KTEB,2023-11-14T21:05:23Z,2024/04/14,2521238279,7194773341,4050498669,68
Zoolab,6500241401,6239095990,MMEP,2023-11-28T13:11:47Z,2024/09/16,2039356762,7129234997,0767355539,81
Gembucket,1132079799,8365318830,FQNP,2024-03-12T00:56:01Z,2024/10/09,4944460546,5582655816,4274983781,31
Matsoft,2943775711,9874561858,KMLS,2024-07-17T03:18:22Z,2024/04/27,0811113302,1956824863,9562838226,92
Rank,5890476475,4550917075,AK26,2024-04-21T10:21:36Z,2024/06/22,3521963497,7952644459,8744523483,25
Bytecard,4216186122,7748955352,RJBH,2024-05-31T06:17:56Z,2024/08/29,5460854792,3021545556,0783534841,21
Zoolab,2125189925,6861140414,SESC,2024-03-22T21:36:31Z,2024/04/04,0694598607,4399913983,0032749090,89
Tin,0048254738,5230452064,LFKX,2024-08-17T11:42:38Z,2024/08/11,9617794721,7168573314,7658385522,84
Fix San,5248597455,4150784566,KCRS,2024-09-25T10:11:08Z,2024/03/31,5526181960,0120124742,5464313214,96
Pannier,8314250465,3225364614,,2024-01-15T21:32:51Z,2024/07/10,3477539516,4905073251,8496538338,11
Bigtax,2111083046,5663415467,EKVG,2024-01-15T03:44:13Z,2023/12/20,9070794004,1047020483,9698704310,70
Cardify,4088911679,6174156133,WAMT,2024-04-13T13:51:40Z,2024/04/19,2527290434,5902694426,8156786130,20
Bamity,8320765846,0718441699,SWKT,2024-08-11T02:25:14Z,2024/10/16,5768695796,6764383650,7843738436,15
Fintone,1869189205,9869705952,,2024-01-25T07:51:03Z,2024/09/05,8812129250,7183176622,1241660735,51
Stronghold,7284569204,1734665106,ZSJD,2024-03-28T01:16:56Z,2024/09/03,4347748833,3118152087,3805109717,40
Biodex,7810072145,3784787606,LEAL,2024-02-26T23:10:02Z,2024/08/19,4037574675,6987560064,9182962642,6
Lotstring,7206296858,7832594004,WRLH,2024-03-27T17:48:57Z,2024/03/15,6496337357,3192563281,9800988319,9
Regrant,5900513238,8561484691,LGNX,2024-06-01T18:49:16Z,2024/03/04,7176171149,7985536949,1026077141,15
Y-Solowarm,9060609719,9603327093,RJCR,2024-10-07T16:03:14Z,2024/07/30,5756512896,4992386903,7706596419,95
Matsoft,8152788309,1411988167,ENSG,2023-11-22T20:54:34Z,2024/02/20,5614799494,1935218522,0615165729,4
Cardify,0727670352,3134576295,SBNF,2024-05-25T07:03:22Z,2024/04/16,2779425954,0733151892,0503785032,96
Tampflex,2883505179,0229368948,,2024-07-29T23:06:39Z,2024/06/08,3018888839,1705429475,6456647339,51
Solarbreeze,3575873623,2975812949,FXTA,2024-02-28T23:20:30Z,2024/04/21,1926922980,7068490778,4087368742,69
Overhold,8951369633,7088703408,UWPS,2024-10-20T06:49:12Z,2024/09/20,6451096199,4876094179,3007596858,25
Fixflex,9347957186,9628628356,KHIF,2024-05-18T02:34:16Z,2024/05/04,7154616768,9951556728,7810886657,64
Redhold,8579112753,8741403509,HKHO,2024-06-02T10:57:20Z,2024/01/01,3249244074,1193708192,4522844190,84
Pannier,4420056886,5075249183,KEAR,2024-01-10T11:46:17Z,2023/12/22,8401713315,1487422075,1290966222,86
Zaam-Dox,4436458040,9567327491,67L,2023-11-03T09:23:13Z,2024/03/06,7517097474,9574335763,7934912072,89
Lotstring,9166328292,7062666580,CYHZ,2024-05-10T16:02:17Z,2024/10/23,7831013202,2792429224,9262005091,70
Tin,0658277618,2180724675,SVBC,2024-07-06T17:58:00Z,2024/06/07,6987536740,5387912597,2233325427,50
Zamit,6613108812,0628619936,OAKB,2023-11-21T21:14:09Z,2024/02/12,0440198364,0338269150,1104820072,21
Ronstring,5694730739,1812326521,SNGD,2024-07-12T10:32:43Z,2023/12/02,4408442909,4587030791,5674554366,1
Solarbreeze,1977599052,4626100015,,2023-11-06T13:57:05Z,2024/05/25,2292575841,6069774000,0867915625,43
Bitchip,3753159468,5343937667,YLMQ,2024-10-12T18:16:41Z,2024/06/23,6233092574,1970280506,6752949689,43
Fixflex,8250453395,9655568849,KDCU,2024-05-02T00:54:50Z,2024/03/14,0895608871,1245673807,7453932815,99
Y-find,1922985600,6162781038,DAAE,2024-02-28T08:18:56Z,2024/05/13,2786977614,2618977459,7498898861,39
Cookley,9758224409,3914888210,UCFM,2024-02-10T23:17:59Z,2024/08/22,5261446333,2332488251,5216997237,75
Redhold,1491909005,1224614429,LFKB,2023-12-23T04:40:06Z,2024/06/17,6669489617,3014443670,5863620234,85
Stronghold,0494318651,7354941379,HSZA,2024-10-27T10:59:33Z,2024/05/14,4616567123,1306170613,7201503898,4
Sonair,9414977279,0245663355,KLAR,2024-07-04T01:53:34Z,2024/09/06,6013505640,3603167619,4577201895,42
Temp,1309073686,5532456798,MMIM,2024-10-07T04:25:57Z,2024/07/04,6552289723,4828079785,8582709196,82
Greenlam,9225166109,7223818735,KWRL,2023-12-03T01:49:00Z,2024/05/09,7713006842,7080313589,0656872233,69
Cardguard,9405599127,2594365548,OIBJ,2024-07-30T19:31:12Z,2024/05/19,0649398866,8703724654,5425770669,9
Redhold,7549737703,0416485138,SDBK,2023-12-22T12:54:58Z,2023/12/26,6151645030,4318278018,4139359781,24
Bitchip,4572800219,8882956741,CYQS,2024-08-17T13:01:24Z,2024/04/27,3514634335,9326023168,0527754064,95
Redhold,2296524915,1062849124,AYOY,2024-01-28T13:50:08Z,2024/01/09,1441233075,2900417120,8608886952,53
Pannier,2900877156,0107428997,DTTX,2024-04-29T16:28:16Z,2024/01/24,1826568271,2930459409,8608997967,66
Keylex,3992825892,0508328586,KTCM,2024-01-22T04:56:58Z,2024/05/01,7257382352,0019434375,4433616060,77
Alphazap,6475919195,8663383738,CAV5,2024-02-28T07:39:06Z,2024/01/11,0111030676,1337499331,4243166048,56
Pannier,2842559576,1531645410,YBIL,2023-12-25T06:30:33Z,2024/10/20,0004634128,9168545584,0965765482,100
Viva,5044934690,7929541673,KNSE,2023-11-03T11:47:45Z,2024/04/27,7466779794,8913613913,4998140507,77
Lotstring,5039901399,2225864039,CYVZ,2024-08-10T01:23:46Z,2024/05/06,4687742319,9207319853,3442743168,9
Tampflex,6570221302,8412811623,BGAT,2024-04-03T13:32:58Z,2024/04/20,5956157003,7159598822,6655980399,80
Veribet,1052640222,3775416935,CYLC,2023-11-19T20:55:59Z,2024/07/03,6285839107,9439241241,6738679130,91
Stringtough,6251618744,7593710831,,2024-09-21T18:46:50Z,2024/08/07,5019183547,7478537308,5734475998,67
Sonair,6463296678,6243234495,EPSY,2023-12-30T16:22:36Z,2024/06/11,2515272576,4491760004,8999154548,85
Tresom,0088678121,5082907972,URRQ,2024-01-13T06:09:12Z,2024/01/26,0894186558,7255931251,1166975797,64
Zontrax,4591961621,0050570846,KBDR,2024-07-27T15:42:04Z,2024/03/22,9950205476,5406380184,1224370740,48
Bitwolf,7366943401,2069678636,DFEF,2024-01-14T07:48:54Z,2024/03/02,6953125624,5838024763,5132159672,62
Mat Lam Tam,4320628845,2515651712,KSMF,2023-11-16T05:44:50Z,2024/09/28,1981370013,5579546378,1186974958,77
Matsoft,1281614254,1966491980,AYBC,2024-10-26T13:03:49Z,2023/12/08,4966115833,9011410106,6803551679,64
Y-Solowarm,4109308151,7592736624,,2024-04-05T22:08:23Z,2023/11/08,2766563067,1033234982,5715640423,8
Voyatouch,2274421323,5614041257,ESKK,2024-07-15T21:12:04Z,2024/02/20,1454960329,3240080508,1369981775,97
Prodder,0811733769,5682048857,FBSK,2024-06-24T19:07:19Z,2024/04/18,7236419265,5841926772,2608436978,63
Namfix,5837565132,3075562645,,2024-04-29T12:24:46Z,2024/07/19,4350180931,5240629773,4786351687,39
Fintone,1901947793,7221632448,YSBK,2024-06-16T22:37:51Z,2024/09/24,1122429134,6722715884,2005088684,83
Veribet,9266920495,6269284279,ENMS,2024-10-23T01:53:49Z,2024/06/20,9997539885,9316345723,0115044094,34
Kanlam,5338175762,1032871822,MUSN,2024-04-14T05:43:30Z,2024/01/11,3935638884,2174564963,2548529460,26
Zathin,9108599653,4720798381,CYWJ,2024-10-12T10:41:03Z,2024/02/27,8777288890,9061383706,2009873513,73
Y-Solowarm,5289233075,9212254101,KOKM,2024-05-14T23:59:54Z,2024/06/30,4634531143,8079341222,8384967652,6
Opela,1772441023,7174482120,,2024-09-08T18:16:34Z,2023/11/26,8587187872,9858583435,3318119814,96
Pannier,6627962209,8836580130,HKNL,2024-03-03T14:09:37Z,2024/08/11,6300708047,3359244125,3326790589,49
Zaam-Dox,2896674446,1551780593,LFOV,2024-01-25T12:52:37Z,2024/03/18,0494306645,9701112024,3545747174,80
Job,6284555970,7141568328,SWKX,2024-05-01T06:54:04Z,2024/03/30,7575768254,2439994154,3140137699,42
Tres-Zap,5169905599,6171101591,KSEA,2024-05-27T03:14:35Z,2024/07/30,3821991348,1599959658,0122154010,92
Cardify,9592663939,5435008042,KNQX,2024-05-17T18:40:00Z,2024/10/22,8339055852,1552271730,5054707433,88
Wrapsafe,8264489702,9668756061,KIDP,2024-05-30T10:01:54Z,2023/11/28,4911057211,1270307924,2695858175,1
Wrapsafe,6728360115,3592272055,NFSW,2024-04-07T09:02:45Z,2024/04/17,5692828456,8243607366,4485252981,90
Voltsillam,6345703915,1192330560,KGDM,2023-11-17T19:04:07Z,2024/03/06,7403269136,1962626091,8099128494,26
Asoka,7165443304,5480851632,CYLS,2024-08-14T15:24:07Z,2024/05/07,3001675101,4880605360,9145540403,7
Namfix,4654418237,4169530209,WMKN,2024-06-27T07:01:27Z,2024/02/16,5364361039,7595225655,8558953732,2
Domainer,9212401287,2765345023,HASD,2024-04-26T14:13:31Z,2024/08/19,9609524117,3941972464,6583473593,45
Daltfresh,5598868121,3698451549,HLLB,2023-11-25T01:56:51Z,2024/03/28,4555812468,3099927597,5098091756,6
It,2340593379,7613179915,WBGL,2023-12-01T01:08:41Z,2024/02/02,6330207828,9420714225,2672692599,27
Sonair,2530882592,7921130712,KLOL,2024-08-17T22:42:31Z,2024/06/06,1517193311,8190350099,1056990023,52
Andalax,2212261276,7020217702,SSRS,2024-01-19T10:22:36Z,2024/03/22,4324272492,8932419930,2998584462,85
Holdlamis,6757507943,2156916187,KEDE,2024-06-28T06:04:59Z,2023/12/01,4711043454,4712975113,6525263794,93
Stronghold,9143505449,2749379180,WIOS,2024-02-19T04:08:56Z,2023/12/24,5216198555,8885840698,7891207496,13
Rank,7951265993,3775364617,,2024-02-20T00:43:13Z,2023/12/17,5211855728,7617366302,7035062815,60
Solarbreeze,6127440203,4965979303,,2023-11-25T12:34:02Z,2024/03/21,8094397152,2585373649,7888336353,6
Stringtough,4417461740,4016477735,RPUV,2024-09-08T04:24:10Z,2024/06/17,6091010573,4700421622,4225881423,98
Voltsillam,2668993482,9340691164,WATG,2024-08-09T14:43:56Z,2024/02/13,6849759124,1817014404,5346829350,44
Span,6506313196,5106802873,KGLW,2023-11-07T23:13:04Z,2024/06/08,0477892698,4153358487,3183778513,50
Sonair,1639313737,4923453354,KAWM,2024-02-18T07:43:27Z,2024/08/02,1065541074,6489543990,6740600724,58
Bamity,8982131124,1917476922,CYAZ,2024-02-25T00:26:27Z,2024/03/02,5463708088,3999310839,9228302186,36
Stronghold,7945212077,6208869625,SLCP,2024-08-15T08:45:49Z,2024/10/21,6155101353,4484460858,1224202295,36
Zontrax,2791787283,5732821066,CYKJ,2024-06-22T17:06:56Z,2024/01/02,8523524274,5931088377,2336535122,46
Treeflex,0449552195,4234741736,SAVH,2023-11-13T10:51:00Z,2023/12/20,4089143500,0469516178,6022780934,58
Regrant,5131897149,0379470039,SCQP,2024-04-22T08:51:56Z,2024/09/01,1715286898,5090130078,0205396291,56
Sonair,4821080842,0994924887,RPVD,2024-01-14T18:33:48Z,2024/06/24,2171459174,8332485703,4095469099,6
Job,2626635812,1025936876,SNKN,2024-10-11T07:23:46Z,2024/04/07,4166355627,6001451427,4958422749,26
Flowdesk,8425869749,4055816138,LPBG,2023-12-30T16:04:35Z,2024/04/12,9256218763,5617268791,3611732680,49
Flexidy,3536649564,9807849896,YARM,2023-11-25T01:19:34Z,2024/10/03,5396275405,6807505426,6697165421,13
Bigtax,5025044049,7952257730,VTSE,2024-03-20T21:46:31Z,2024/01/06,7092460514,9100698970,4150212333,27
Andalax,5605238302,4011675083,,2024-10-28T02:49:54Z,2023/12/15,2179289235,7527862165,2706270063,31
Domainer,4787097008,4118293242,UNNT,2024-08-20T21:21:23Z,2023/12/06,6196718347,1757195459,8864668616,38
Treeflex,6506331801,2784257584,PADQ,2024-05-10T05:07:56Z,2024/08/15,7843552758,5396412119,0160195101,19
Subin,2770341677,3905423022,KOXB,2024-06-08T13:38:22Z,2024/02/15,5792841845,3641066964,1028931611,88
Wrapsafe,4930830923,8327957201,LKPD,2024-09-15T08:12:22Z,2023/11/08,3949033092,3347519310,9266921254,81
Subin,9122182489,8979019394,,2024-06-10T19:32:35Z,2024/01/19,1684868122,2804404056,8227774636,100
Trippledex,5135579753,0781421888,K21,2024-06-27T00:36:59Z,2024/10/06,2596344521,0127089608,9795490427,69
Duobam,9703406432,9292125907,AYKU,2023-12-13T06:09:21Z,2024/03/03,6230444992,2998556035,2603548735,2
Otcom,6799214502,0253689511,SAWE,2024-03-20T14:59:23Z,2024/07/06,3121881930,3437629824,5495809629,58
Toughjoyfax,2975240236,6773589738,LFBH,2024-09-05T23:34:32Z,2024/03/15,7067533821,6724166616,8040932963,55
Zontrax,9574010325,5298644422,FZFU,2023-11-29T03:30:17Z,2024/02/21,0706627695,5053509107,0381099067,9
Alphazap,9133585067,8112150923,HTSU,2023-12-13T09:23:55Z,2024/06/08,1719820880,3759795439,6138005236,12
Tresom,8916084695,3260177043,YESP,2024-02-15T05:31:24Z,2024/03/06,1253200696,0152512861,0150910266,18
Tin,8881706695,4536346007,SNPC,2024-03-18T18:36:19Z,2024/07/22,4441813163,1328071057,5896945698,68
Stronghold,3120655481,7987367745,RORA,2024-03-16T15:00:47Z,2024/01/12,9387287734,5412893473,8781098650,55
Duobam,3945568536,6385323528,SAVN,2024-06-22T20:21:31Z,2024/03/05,7438641023,3148974336,0179343866,27
Transcof,3020934990,6054486659,KGYI,2024-09-17T05:53:56Z,2024/08/11,4081317836,7128434798,7491215815,49
Wrapsafe,8030493495,3209598479,UELL,2024-03-14T18:32:51Z,2024/05/30,4846759733,8493609730,4000352385,70
Bitchip,2708855875,9999344798,CYQZ,2024-06-27T09:50:27Z,2023/11/21,9574412555,0177283505,5088612028,5
Zathin,3148034767,9333103430,FNBL,2024-06-29T01:17:35Z,2023/11/14,4297995794,8446600056,0266857132,62
Keylex,7330699144,1732046441,KSLR,2024-05-29T12:18:55Z,2023/12/18,0329811967,3497377600,8946907169,57
Holdlamis,0809419181,0257785841,CYVQ,2024-01-02T14:01:17Z,2024/10/19,0368825752,8170195896,9254562637,35
Trippledex,6049082685,6227249483,CPF2,2024-01-20T00:18:17Z,2024/09/22,1635723795,7606080968,2261591373,85
Wrapsafe,1432938886,1841868574,KDRA,2024-06-01T07:19:23Z,2024/09/09,6207669568,7931367839,1381227880,3
Konklab,8898169167,8029964161,PAMX,2024-10-30T14:48:13Z,2024/08/08,2737881838,2693596246,7592101238,43
Alpha,2957185040,6343548157,AYBA,2024-06-19T18:08:55Z,2024/03/14,1059851946,7813618939,0815977794,61
Temp,3446588604,6004023892,,2024-02-01T02:30:28Z,2024/05/09,5251104952,5382595461,6245713560,46
Alpha,2033661075,6032102408,SVSZ,2024-05-12T20:41:55Z,2023/11/02,6691362373,3490494962,5194081952,79
Tempsoft,8818329111,1550586912,KFAY,2023-12-06T07:27:21Z,2024/08/22,2165129486,8767203450,2466018071,78
Veribet,8001422119,5522099623,GASK,2024-04-24T16:25:32Z,2024/01/06,6219376005,5261180147,3418989543,65
Y-Solowarm,2970740737,6345717762,UTAA,2024-07-26T03:24:42Z,2024/01/19,8045179945,7454104193,5774501825,23
Konklux,1204907382,1290309701,FZCB,2024-09-26T23:46:29Z,2024/07/14,5936447626,0273010581,3227463695,29
Tin,0540491942,2977483926,BIGR,2024-10-27T15:22:15Z,2024/09/11,0686606442,6173862859,2497682704,48
Namfix,8703077322,5018062827,CYKD,2024-09-23T02:42:08Z,2024/02/20,6106522367,5635807194,6904790393,36
Bitwolf,0695553070,1528972759,CZWL,2024-10-04T02:52:39Z,2024/06/09,4404178670,6657105509,7567702185,97
Otcom,0592415805,4559589844,Z71,2024-10-22T06:28:42Z,2024/03/07,7352868445,8400222067,9825903686,12
Overhold,0583454739,6089516619,KMPO,2024-06-19T11:57:23Z,2024/08/09,8018425655,4828959114,8410477696,25
Bitwolf,7976392565,4675096085,YCAS,2024-07-06T14:29:38Z,2024/06/15,4748279494,7951842796,1030463379,63
Overhold,3345935368,4545891403,VAAK,2024-10-08T09:04:35Z,2024/06/14,0632076771,0813647177,5424466419,36
Fintone,7630074212,3205259785,ZSSM,2024-09-24T10:17:06Z,2024/09/14,9866691136,6713696260,2173001159,45
Regrant,1501423991,4076372972,EK_4,2024-06-03T22:56:18Z,2023/12/11,5519865590,5178988604,0792539621,5
Zathin,2352362504,1344999603,VLSB,2024-05-29T04:11:00Z,2024/02/12,3762390339,7470086994,1820842290,88
Aerified,6632996477,7505149369,KBIL,2024-09-17T00:51:22Z,2024/03/04,7653107060,9727708269,5123993010,35
Bamity,5481413302,2111158593,SBJI,2023-11-05T17:08:11Z,2024/05/08,1108918239,4959646276,9414380922,13
Holdlamis,4437606639,1437355137,FEGR,2024-01-23T15:20:22Z,2024/03/31,0467913552,5747773658,5461871909,13
Y-Solowarm,5635413692,6059297226,KAHH,2024-03-22T04:44:41Z,2024/08/28,1863694293,3931436705,7551635963,44
Zamit,7936905278,9205368148,KBBP,2024-10-20T08:20:57Z,2024/08/24,3340054622,3768008584,2060620155,25
Konklab,3730996096,7828085583,CZGI,2024-06-05T13:48:41Z,2024/05/04,6052438606,6974344325,9763995078,33
Voltsillam,3890782183,4596195404,SSQM,2024-04-25T18:59:54Z,2024/06/18,8118682269,4914561875,7087880691,44
Tres-Zap,3110413825,9064783039,YWUD,2024-03-11T01:30:17Z,2024/04/20,6192809453,6060728391,8225002954,64
Konklab,6452768905,8547992839,WATT,2024-05-24T07:30:41Z,2024/07/13,1483807568,5313298038,8664019517,6
Greenlam,9205532010,8556146503,SLVM,2024-03-05T02:19:54Z,2024/01/14,3152686757,3664590589,1257733745,86
Tempsoft,9263750580,0641156332,LRTM,2024-03-06T20:24:33Z,2024/02/06,5486777973,3688017846,2958431894,74
Otcom,4250924157,3631638558,KLHV,2023-11-25T09:06:25Z,2024/09/08,5764167876,7823605686,1795911611,33
Transcof,5246417379,9532982531,SKCZ,2023-12-12T06:15:45Z,2024/10/05,1333675941,3060135614,8051648293,69
Quo Lux,5269181886,1400699568,VGSY,2024-05-15T16:58:21Z,2024/05/10,7704401858,9183278699,5197855363,35
Voltsillam,9825198745,5130694015,MHSC,2024-01-30T02:12:36Z,2024/06/02,6424912428,5803913790,8840538933,93
Mat Lam Tam,1870058208,4465363192,VLSK,2024-03-28T09:45:06Z,2024/03/14,2108735062,0173462731,0415266068,15
Holdlamis,6003362901,7796700059,KSCB,2024-05-09T10:51:46Z,2023/12/05,5208419793,5101189642,2061474365,91
Bigtax,6279026795,7294979065,PLCH,2024-04-19T04:13:32Z,2024/09/14,1841289647,5324410985,1927647665,20
Stim,5931558365,5035346544,YMGV,2023-11-15T23:58:42Z,2024/01/15,7332278839,9709572695,5990128843,18
Otcom,9202757054,0816264295,SBDO,2024-04-21T13:11:31Z,2023/12/14,8585040904,9587174941,1464344477,2
It,4820960156,9912823958,USII,2023-12-13T01:55:24Z,2023/12/03,0321073940,8871307143,8018315663,25
Wrapsafe,5172049045,8571468214,,2024-06-13T06:49:02Z,2024/02/03,4194797957,0103938796,0147555426,97
Sub-Ex,1830542796,7565694339,VIAL,2024-01-04T01:54:31Z,2024/02/18,2518874836,8339563262,5321289514,9
Daltfresh,0688974929,9183461000,CYCB,2024-01-28T10:36:22Z,2024/03/29,4849592961,6869855951,2368491546,31
Zathin,9609674690,9771143204,KAGC,2024-01-12T04:32:52Z,2024/01/12,5647298419,1571033238,4389300490,95
Keylex,5311876891,4774352624,13Z,2023-12-05T13:24:25Z,2024/06/27,2423754817,5210795225,6922730879,32
Hatity,1716275083,3112826876,UHWP,2024-08-18T05:38:30Z,2023/11/05,1301121401,7647472593,7450908468,50
Stringtough,6019982580,2834985618,FSDR,2024-02-21T09:50:33Z,2024/10/09,8107129547,0158281128,0518189724,96
Overhold,4017614825,9622693776,KFMN,2024-09-06T22:22:00Z,2024/03/07,3571703839,1541246535,9341110645,38
Job,4366815338,8592814537,DTTG,2024-08-06T00:09:35Z,2024/08/01,9954564772,5616861405,9103625621,44
Zamit,8295801163,7315421947,YNHS,2023-11-09T03:15:28Z,2024/11/01,3516685735,5478550868,1573585203,19
Wrapsafe,3810596701,9935858332,FEGF,2024-01-31T14:51:46Z,2024/09/26,8149001603,6578321969,8386490829,73
Cardguard,3833370807,3203877570,CYKA,2024-10-16T18:07:09Z,2023/12/11,5073625986,1587497395,5471908821,84
Namfix,2224371403,9221025780,YKNG,2024-04-18T18:57:24Z,2024/08/12,3282857012,8605418044,0649080599,48
Prodder,7495986360,9150489577,SLRQ,2024-01-09T19:04:25Z,2024/01/23,4002237850,7353612673,8286238796,31
Latlux,1067495843,6049960119,DBBS,2024-03-07T17:45:33Z,2024/06/19,2027979816,9891522849,7785845050,2
Holdlamis,4436083020,0346508894,KMVL,2024-07-21T22:50:41Z,2024/09/07,5403956042,0403710529,0933453221,39
Stronghold,1925651177,5173220155,RPUB,2024-03-03T08:23:23Z,2023/12/26,1834918448,8232646713,1077560559,49
Zaam-Dox,6027617691,3066173070,LSZS,2024-06-14T07:33:21Z,2024/10/25,9139930432,2382307447,3653469902,45
Vagram,5805990024,4701365297,KBXK,2024-04-18T13:22:19Z,2024/06/26,6082183959,2340321131,8015660327,5
Vagram,1107555078,8346818793,CYPZ,2023-11-03T18:12:23Z,2024/01/18,9166013445,2776914997,1108334717,83
Latlux,1954792824,9412232020,YMGV,2023-11-15T16:48:38Z,2024/02/03,8593378161,9033021501,7054958330,44
Zamit,3177517304,7012008202,,2023-12-25T22:27:19Z,2024/10/05,6405702529,6497056866,0489012310,63
Otcom,6373392546,9090148132,KAVQ,2024-10-23T23:29:30Z,2024/09/05,8836663672,5756561080,1066043477,18
Overhold,8536346914,0474769755,LECH,2024-09-20T19:08:57Z,2024/06/17,1082844292,3581525070,2718554681,23
Stronghold,3044447062,1864074604,KAKR,2024-09-24T23:58:50Z,2024/07/18,1891091999,7491058450,3834624373,75
Konklab,3860242407,7274618016,DIFK,2024-03-09T05:46:23Z,2023/11/17,1520950365,3445787816,5481272512,78
Home Ing,4180039834,7981803217,YNWN,2024-06-27T06:59:56Z,2024/04/25,2499313854,6604036316,6357974587,93
Overhold,6077868450,3613422069,,2023-11-11T19:59:27Z,2024/03/14,0625768078,5079598476,3469355924,22
Lotstring,3183859165,3751697926,SABE,2024-04-04T02:47:34Z,2024/05/21,6601547123,3605788289,9628278770,81
Rank,3778414240,7144600079,YMGV,2024-05-07T02:17:25Z,2024/07/24,7174137792,7388323325,7616408818,15
Holdlamis,4058670940,7222128832,YTST,2024-02-20T02:41:52Z,2024/03/06,2106794754,7812629538,6715985324,19
Zaam-Dox,5961377725,3996993102,KCGF,2024-08-07T05:01:37Z,2024/02/13,4785586346,5360828242,3802760042,91
Lotstring,7688219310,2127786165,LPCR,2024-08-15T00:54:31Z,2024/06/21,3128492107,5289160876,9772904691,7
Y-find,3590321997,2980969184,VREI,2024-10-06T04:43:10Z,2024/10/16,1908799560,8402037070,1085866327,23
Gembucket,3831586772,2589930976,ORAT,2024-01-16T14:02:53Z,2024/06/12,0762195762,1859782442,7363987610,8
Tresom,0295141840,1252934823,BGMQ,2024-01-02T08:20:14Z,2024/09/26,6288164313,2460130457,6937677707,26
Pannier,3431011292,1537349244,,2024-03-19T09:30:32Z,2024/10/24,4187797726,5883441327,4937235729,45
Bytecard,8336701516,0864088647,EGBN,2024-08-24T23:06:33Z,2023/12/14,0978504348,2510343955,0450381773,3
Ventosanzap,3224854073,2854710452,SSVR,2024-07-26T10:45:47Z,2024/04/15,3646745215,3673009583,4346008429,14
It,6075912878,8578405994,KDHN,2024-10-04T13:10:03Z,2024/01/01,5141804747,1267737492,9942258884,41
Wrapsafe,3471710132,3579457799,YTIB,2024-06-06T13:57:24Z,2024/08/08,1197685677,4131661837,1424295726,54
Cookley,4711036369,1709398140,EVLA,2024-04-12T13:29:47Z,2024/04/24,9934259613,4223982338,4745838565,75
Konklux,3968428269,4837946909,LSZC,2024-08-29T03:40:00Z,2024/01/18,8742269199,8221758159,6510451905,22
Voyatouch,6044155811,2068708981,FZRM,2023-12-03T00:17:55Z,2024/10/08,6434396368,1903059666,8667973963,28
Zathin,7533591518,2743117443,MMMM,2024-02-13T05:45:33Z,2024/02/27,3115008031,6578210377,5091332170,33
Holdlamis,0957109067,2073226361,SKSM,2024-06-06T17:39:25Z,2024/09/29,2838857991,4074545780,8160881630,35
Matsoft,8458966441,1209551969,MMQT,2024-02-10T23:06:55Z,2024/08/29,3473389471,9007361139,5358878963,95
Tempsoft,6249505466,1261984099,,2024-02-26T11:23:26Z,2024/10/31,0145667618,9010139824,0855868961,15
Konklux,1930051395,2434580866,NTKK,2023-11-18T08:08:26Z,2024/02/23,9112507520,3455037429,0496093754,85
Zathin,1247126498,8551294849,GMMW,2024-02-12T06:14:52Z,2024/08/27,3136277260,2430712725,7280854834,12
Regrant,9744683074,3397891876,SBGM,2024-06-18T02:02:24Z,2024/03/03,4332397150,1330744071,7674379086,49
Mat Lam Tam,5720572759,3927939080,LPMR,2024-11-01T13:44:08Z,2024/02/17,8562048151,3308844133,4899446942,5
Span,7970490778,8108400309,KASL,2023-11-25T02:40:55Z,2024/09/15,8484397955,8096224964,5083989743,85
Overhold,3069326072,1861569165,KLPC,2024-09-18T10:03:41Z,2024/02/02,7822374184,2086086652,9397140981,53
Sonsing,5592022239,9787068932,LIRJ,2024-02-24T19:56:27Z,2024/08/24,1619082144,4375012595,8731731201,60
Tresom,3637080087,2121131442,YGDN,2024-03-19T02:09:24Z,2024/08/28,7189387382,7066275861,6892533965,67
Zaam-Dox,8424770641,4000928414,KMAE,2024-04-05T18:13:18Z,2024/10/28,5130225805,1028102267,5873883416,10
Flexidy,6590634505,7884781964,DNIB,2024-02-02T20:40:15Z,2024/07/29,8472689867,2500275647,2801393495,30
Rank,8760590033,6541077967,SWKO,2024-07-24T01:14:01Z,2024/06/17,8497061594,6088717688,3336420229,73
Prodder,7703731986,4929498767,GODK,2024-09-26T20:02:40Z,2024/10/15,6821696691,0561044147,7223029560,63
Cardguard,0915937662,6210237118,TAPH,2024-02-06T11:21:09Z,2024/05/28,2763560253,6905505838,6603753081,66
Treeflex,8752623009,3975826649,,2024-08-18T13:35:48Z,2024/02/25,7234784985,6872252715,7647301349,56
Stronghold,6869468281,9485070780,CYSB,2024-04-30T11:19:50Z,2024/01/11,6254173107,5935236303,3631172192,97
Keylex,6955941151,6357890480,KAFW,2023-11-10T06:04:10Z,2023/11/20,9388754433,5802891777,4047116270,56
Konklux,0131225030,7692484511,EDLN,2024-10-13T05:58:44Z,2024/02/25,0289543940,0695143654,5138919776,35
Zontrax,9726303486,8843729942,RJEO,2024-06-23T09:01:17Z,2024/04/22,7503828250,0783786735,7805632855,15
Alphazap,4406634738,2683633718,,2023-12-28T22:21:13Z,2024/04/08,0316038814,3610142537,1975273192,16
Stronghold,6851193345,6054900803,FMMV,2023-12-26T07:58:40Z,2024/08/10,0927945177,9558492906,3353899820,49
Toughjoyfax,5703503396,6701846130,FZOP,2024-04-28T01:47:27Z,2023/12/31,2173930230,8096352148,2893326366,60
Rank,3193266523,0657650072,PATK,2024-08-08T10:08:19Z,2024/01/01,2420063627,9724097560,2293756300,75
Opela,0600395723,2585996549,KDVP,2024-06-21T21:54:02Z,2023/12/17,1992569622,8432362417,5423010519,43
Zontrax,9320364583,7071255792,WBGS,2024-09-19T06:59:50Z,2024/06/29,8051833457,1009834746,0775888192,74
Andalax,4945867011,3192038659,KHLC,2023-11-15T13:48:28Z,2024/01/02,7497231987,6202124652,9346134070,16
Kanlam,3121300407,5549273659,UHSS,2024-01-19T21:59:53Z,2024/08/13,0482487208,0337118477,5977483392,97
Subin,8465641706,3645682112,RPME,2024-09-25T04:37:33Z,2024/03/17,6487226173,6757321505,2423652720,77
Toughjoyfax,4413032535,3229641418,MMMM,2024-03-20T12:33:08Z,2024/08/04,7152914613,7435520195,9445270630,75
Sonair,7734028608,9614617349,OPDD,2024-06-09T23:07:20Z,2024/05/01,3099186414,3480710166,0486110230,45
Latlux,7853352778,5750049795,NZCH,2024-06-11T10:49:44Z,2024/03/01,6991557811,6881205511,1051573254,68
Tresom,3900310653,1119289815,SAZN,2024-07-16T13:04:13Z,2024/03/11,1563604108,3763253025,3578506648,45
Temp,4340507539,7155957526,KPNN,2024-07-13T21:29:35Z,2024/06/07,0231716168,1002235243,5887780924,65
Duobam,4739109360,3504577223,,2023-11-23T07:43:44Z,2024/07/14,6673961651,2241218367,2764647646,35
Flexidy,9919137480,7816421974,FAPH,2024-10-11T17:15:05Z,2024/04/25,8018536031,0403342112,3524011071,25
Tresom,5992104704,6014631666,AYIX,2023-11-19T19:17:28Z,2024/04/23,3497782939,5596691682,2730632751,43
Latlux,4913248200,7510025958,,2024-02-16T06:29:33Z,2024/01/26,1640277617,5394922985,7340968016,82
Daltfresh,2799228720,3353153764,KDRA,2024-08-20T23:48:28Z,2023/12/20,7653986048,8916370884,4882120593,94
Zoolab,5061218973,3709623812,,2024-01-12T13:11:22Z,2023/12/30,7594307496,8969395040,1100316221,47
Cardify,5266717696,0016152212,LSZB,2024-10-07T16:14:16Z,2024/06/03,1911648780,8695576515,8384861889,43
Flowdesk,6751515251,2934199185,KPSF,2024-02-29T22:52:26Z,2024/09/13,5931794255,8808740943,5567408498,6
Redhold,2203256257,8496141055,,2024-08-25T13:23:45Z,2024/08/20,3987903716,9225883862,5153877604,35
Subin,9631154149,0555544168,AYTJ,2024-05-23T02:57:48Z,2024/05/16,5105248406,1566752310,8707147104,37
Cookley,6332817836,2915614040,UTSB,2023-12-02T21:17:25Z,2023/12/28,0691327831,1549152491,8153505521,91
Bamity,1948944766,7372407079,KWRI,2024-07-21T05:58:39Z,2023/12/24,8725748343,6312671569,2426131888,9
Flexidy,1136043772,5233459647,LFQQ,2024-04-18T03:37:57Z,2024/01/26,7961384669,5292441589,1263751903,50
Kanlam,9422532817,8626709463,AYXI,2023-12-14T01:10:43Z,2024/10/13,2503613667,4594824390,6213310541,8
Zamit,9137364693,7960020647,KCDW,2023-11-05T11:03:08Z,2024/09/14,3795917859,4043087543,7548390998,69
Transcof,4591971260,9822227353,EGHD,2024-06-13T12:28:50Z,2024/01/03,0205277470,7240665186,4007490147,98
Zaam-Dox,9872641188,1657147460,YPPD,2024-06-03T17:38:22Z,2024/02/27,8248183904,0808182811,5627810750,63
Hatity,7680870594,1750846357,YLMQ,2024-09-12T21:40:45Z,2024/07/14,1625622635,5026396240,6721965933,13
Redhold,5078506160,3808059702,SCLN,2024-09-09T04:24:11Z,2024/01/20,5673398778,3110121093,7248655759,8
Trippledex,5233657325,4222005983,VORG,2024-05-09T07:12:03Z,2024/01/28,3110021374,1169239390,8573417110,11
Greenlam,1657624404,3051669970,AYAX,2024-01-29T08:35:36Z,2024/01/23,7235739916,9229546593,1497884578,36
Span,2188964616,5245678284,,2024-05-31T13:26:25Z,2024/08/30,4509733852,7619615342,2232587797,26
Sonair,4226376617,2547187280,KIWS,2024-03-12T10:29:55Z,2023/11/21,7395683862,8814670331,6656044956,86
Alphazap,4885131855,2289805300,ZYDD,2024-07-04T02:28:33Z,2024/01/18,0755279956,8710210679,7496106917,1
Konklab,8941961947,7872893908,ENDU,2024-07-19T23:30:29Z,2024/06/26,2177259150,1456993410,5393152507,38
Voltsillam,5265637265,5578365442,NFTL,2024-04-23T19:26:23Z,2023/12/09,3351988885,9918640154,3042518140,33
Opela,3426322994,8226012538,KILN,2024-07-03T17:19:47Z,2024/05/18,5583330465,9142055024,6212125228,44
Gembucket,6470294324,1311278761,KJXN,2024-10-04T10:15:13Z,2024/07/28,5766344317,1122529325,5580225571,42
Matsoft,2241944262,0094728410,FYGB,2024-06-10T16:40:51Z,2024/04/25,8377235536,6939003045,4968597541,91
Holdlamis,6299442301,7699319273,SBMA,2024-01-23T17:41:44Z,2024/07/14,3040819895,8656892312,6433853676,97
Otcom,9671007988,8031460973,NTKU,2024-02-28T03:13:42Z,2024/03/31,7087028251,1328037525,0532690184,73
Daltfresh,8002906314,6008822064,CET2,2024-01-05T09:41:23Z,2024/08/01,5609705363,7234437592,4422991574,14
Y-Solowarm,5359986549,4236349027,OAZI,2024-06-23T11:15:29Z,2024/06/06,3100524241,1214397999,2042662356,69
Flexidy,6953844655,5346680691,LMMG,2024-04-02T01:39:23Z,2024/08/14,6333525936,5528966388,3903349526,5
Y-find,7428435587,3097510826,EFVR,2024-01-12T14:32:52Z,2023/12/15,2959875338,5049188407,1838199624,50
Toughjoyfax,4831793078,5687625569,EYKL,2024-03-10T20:58:12Z,2023/12/22,3024591931,4748670835,3593916185,22
Tempsoft,5903753787,5657407466,SPLN,2024-06-02T17:48:02Z,2024/09/10,9579663084,8892755722,3645437908,79
Solarbreeze,5407012545,5302921545,M13,2023-11-27T16:18:41Z,2024/08/08,4902463180,6947258065,8149716890,93
Wrapsafe,8360037167,7801825535,CYTF,2024-02-11T15:52:22Z,2023/11/29,8564393549,9023278925,2378052537,46
Hatity,8281766468,5787607481,ENKL,2024-10-30T23:09:35Z,2024/01/22,3682155546,3300251222,1119986591,100
Greenlam,2371704512,8119785487,SLTR,2024-03-12T14:09:18Z,2024/06/05,4237755797,9833530281,4369312485,97
Bigtax,2362768155,2038527695,KHSB,2024-01-24T16:49:02Z,2024/06/10,2214212590,2944651129,2270098498,24
Bigtax,7829921059,0579882950,CYSY,2024-02-03T09:00:14Z,2024/02/20,4076833953,6867836232,3338693125,99
Wrapsafe,5041652066,3148704576,SETI,2023-11-29T22:40:32Z,2024/10/16,4964946355,1182152805,7018089352,76
Ventosanzap,9992294175,8899433976,SNTK,2024-03-25T10:54:26Z,2024/04/03,0228030617,5010311666,8643646652,69
Opela,5513307464,7092752396,FHSH,2024-09-04T09:15:36Z,2024/04/24,7057346433,5649605483,7772771746,85
Voyatouch,6970321673,0835186733,I20,2024-09-20T09:00:02Z,2024/01/01,5540723686,3327033838,6893717520,29
Flowdesk,7156514091,4894233452,EGKK,2024-03-18T15:17:22Z,2024/01/30,7147456548,3113091861,9823671680,97
Treeflex,4315856053,3300283981,GMMW,2024-09-07T01:35:42Z,2024/04/24,7125541798,9756832665,7742020386,28
Cookley,7379137476,3895795534,MMML,2024-05-17T03:33:12Z,2024/09/11,2151768015,4360476566,3652915550,13
Otcom,4303674931,3267329035,,2024-03-30T21:20:15Z,2024/08/01,0191393843,2303471923,2396060368,23
Gembucket,2942930306,0253684501,FAAB,2024-02-17T04:26:40Z,2024/05/27,3655958994,4057526676,0517403692,33
Voyatouch,1438949197,5034452057,FANS,2024-03-02T20:34:19Z,2023/11/08,4117414275,4731771838,4070447199,32
Ronstring,0909686602,3064973274,WBGR,2024-01-10T06:16:11Z,2024/08/14,1538029928,2927030596,7417303617,97
Asoka,6256381939,4074710528,VGLM,2024-08-09T13:00:13Z,2024/09/22,8865760559,3169668315,4855159549,94
Tempsoft,6569937197,0631717978,AYOQ,2023-11-18T09:56:34Z,2023/12/10,4181640590,1100186638,8626366248,68
Duobam,0074843192,8862347782,SUDU,2024-09-21T20:42:50Z,2024/04/30,2146047186,1718419163,2309599506,92
Solarbreeze,8449315301,3142991077,AYAK,2024-09-24T12:06:47Z,2024/04/20,1998135179,9779399283,6650843458,90
Alphazap,0128904968,8689786031,LERT,2024-05-04T19:48:10Z,2024/05/14,6693756778,9586875490,0114026793,83
Fix San,5369278377,0674251555,KBMT,2024-02-15T13:16:43Z,2023/11/15,4622714094,2466763478,9257576019,35
Konklux,4568001145,0895440911,YDRD,2024-05-22T10:56:35Z,2024/08/25,6061303548,6766791659,8687735901,90
Domainer,8299536677,0857488015,SYPM,2024-07-31T23:13:25Z,2024/07/21,0978780876,6615586843,2723459454,18
Stringtough,7413405288,3467148476,UNKS,2024-02-19T14:07:18Z,2024/04/12,6314625459,2154471676,6725206328,2
Pannier,2391373600,3680967594,EDXF,2023-11-04T22:01:10Z,2024/03/28,4510214952,3683850655,7912700048,56
Bitwolf,6456432774,2410681441,,2024-02-11T04:18:46Z,2023/11/10,0821652281,2656218470,5120604145,74
Pannier,0142052027,2370356235,,2024-01-28T17:22:06Z,2023/12/02,2969802538,0967252571,3951924942,27
Flowdesk,3958867472,0007342152,LINI,2024-09-09T01:36:14Z,2024/10/16,5322534679,0212424734,7150347185,57
Alpha,1239954298,5129799755,KDWH,2023-11-02T08:48:47Z,2024/09/18,8331860799,1790608686,7143959383,55
Toughjoyfax,4327125512,1149617446,LZLU,2024-05-10T02:47:20Z,2024/10/26,8917347053,7121209446,5030086986,47
Fintone,8470113615,5019378550,KCNY,2023-12-29T07:51:21Z,2023/11/27,9598860140,0554527839,3956374932,15
Bitwolf,9615567639,6415779613,CYRV,2024-01-06T03:45:58Z,2024/02/22,7076435241,0144481103,3836650592,9
Otcom,3349120245,2211448526,PPIZ,2024-03-31T11:13:36Z,2024/10/24,0926079956,6893188315,4771048959,8
Hatity,7609352969,3758251303,HECW,2024-01-25T15:59:57Z,2024/03/23,0186533799,6309996797,8489199434,23
Asoka,3317598557,4600892984,SVKM,2024-06-14T03:58:27Z,2024/02/12,4450379349,0831521317,8382387969,63
Bitwolf,8811888042,4690981256,CYZF,2024-04-30T12:04:32Z,2024/10/13,9888573438,8516775380,4001524406,18
Overhold,4461525457,5898073248,CYNJ,2024-01-14T06:53:20Z,2023/12/31,9523240005,2099335761,9302817016,77
Alphazap,9024698146,2450588760,FASB,2024-04-01T20:12:39Z,2024/04/17,1857307682,7911106118,5978629846,54
Voltsillam,1307838391,2852186179,,2023-12-14T02:44:28Z,2024/03/07,2950158358,6536139216,6818548059,81
Job,1428219943,8335392137,GQNB,2024-08-02T06:57:33Z,2024/06/16,8173646333,5893435141,6419422361,34
Flexidy,3293195903,7881515775,HTAR,2023-11-22T18:34:55Z,2024/08/19,5443765051,2359069144,1956058362,2
Alphazap,0943234581,7085062517,TDPD,2023-11-25T14:22:18Z,2024/07/22,7770673739,3219012337,8408875663,81
Asoka,4412217531,1546657436,LHBP,2024-06-11T03:10:32Z,2023/12/27,8109150039,1825474419,0725090928,39
Zathin,6100461900,9422444675,RPVP,2024-09-19T17:27:18Z,2024/04/16,5761781085,9464312610,7807156910,71
Fixflex,9307464170,6314205174,NCMH,2024-02-14T01:18:13Z,2023/11/12,1566278295,8424470982,6814319136,18
Toughjoyfax,5757321393,0661400433,KVCV,2024-08-16T02:41:13Z,2024/09/11,5336089206,9101713914,2001361513,78
Zathin,5534348046,7411637610,UKCW,2024-09-17T05:06:21Z,2023/11/09,3128621829,2655804910,3038106240,35
Andalax,9580908141,9513684075,CYLR,2024-06-08T17:17:57Z,2024/09/03,8815053220,0616370717,1570879230,28
Rank,7656618848,8680635081,WAVD,2024-05-29T03:57:47Z,2024/03/20,5831313506,4058714409,1724317393,35
Andalax,1710106441,1322714827,SYAN,2024-04-27T07:08:31Z,2024/05/18,6219542509,7488403568,6369499714,92
Pannier,0953795969,2685928928,YKNG,2024-10-02T14:52:08Z,2024/10/08,2299223754,9641967584,5055905603,55
Zaam-Dox,9721214809,4463589428,FZNP,2024-03-09T00:01:25Z,2024/10/14,3225448915,6424060251,9427153431,81
Solarbreeze,4132080749,7125760996,YDYS,2024-07-10T11:14:45Z,2024/10/05,9181323891,9169710740,1731780850,39
Transcof,4830930004,9127222810,FEGM,2024-09-09T02:10:54Z,2024/04/27,9469543734,5241690859,7788084247,39
Stringtough,1872303137,7530043331,YLOV,2024-05-17T02:09:15Z,2024/06/18,0309794986,8472577953,9139783936,98
Greenlam,6569503537,5934534041,SCRM,2024-08-04T09:34:05Z,2024/07/28,6245756774,8464984685,1807924823,88
Span,9338622223,2135739529,OMAA,2024-03-19T18:32:23Z,2024/02/16,8964016408,5220185284,8793385226,50
Redhold,5944857412,9564881587,VEDZ,2024-03-15T13:42:44Z,2024/04/06,3521045854,0972074643,5094562959,63
Y-Solowarm,3563312133,6087375430,AYBK,2024-03-09T20:45:04Z,2024/04/08,8964803388,2362242234,3303553998,99
Cardguard,2050942354,7330904856,KAEX,2023-12-26T21:56:01Z,2024/06/23,9154917395,4111484565,6631805716,90
Andalax,6931465996,3961131147,MUSN,2024-07-17T17:30:12Z,2024/02/22,2832578063,4136979924,6129750676,45
Konklab,2926251939,0448128500,FLSN,2024-10-08T23:55:29Z,2024/03/30,6413598581,1816139351,5655191369,44
Cardify,2149345994,9099095945,PAGM,2023-12-26T11:14:16Z,2023/12/04,2715462344,2611215413,3062577606,20
Regrant,9770554480,0503940259,MYEM,2024-08-08T10:46:49Z,2024/04/01,0543761606,1866541943,7981591902,66
Wrapsafe,1278687491,3876199476,SVVA,2024-10-23T03:52:49Z,2024/01/01,0446738123,9311634395,4369218071,8
Regrant,5615289120,1924889234,,2024-01-21T23:41:45Z,2024/03/14,9691186381,3305946776,0118417398,83
Sonair,6744248138,0543567664,KVPZ,2023-12-21T19:46:39Z,2024/06/20,1467886890,6993333783,6814837935,22
Veribet,2570892211,0386779880,KWVL,2024-02-27T13:16:25Z,2024/08/24,0476598125,1286878934,8436522095,50
Bigtax,6211841612,6659465022,UKOH,2024-04-20T13:05:59Z,2024/06/09,9450654522,8871784561,0015178455,11
Zathin,3820738274,0776215833,KMDA,2024-03-13T22:35:09Z,2024/04/16,4318331717,4979228623,0844491225,84
Trippledex,9298579063,0097649031,CYZW,2024-09-25T00:09:39Z,2024/08/22,0101765304,0301895848,6501438659,41
Y-find,9952470509,6210709834,CET2,2024-05-14T08:32:58Z,2024/07/30,9700940020,0963376519,1040158110,49
Viva,9869297609,1066623325,EHVB,2024-06-28T09:30:19Z,2024/02/20,9885688315,5252514976,4584103305,31
Stim,9543687447,6223210035,NGNU,2024-09-01T07:24:45Z,2023/12/16,1921331917,8530897005,3371285014,20
Bamity,8767944191,3350281303,WIOK,2024-05-16T12:31:04Z,2024/03/10,2700981502,6812717932,6208934176,47
Latlux,2981805754,6515680902,HCMF,2024-02-20T03:12:55Z,2024/02/18,1416551697,1363352814,4600759028,11
Zathin,0837902126,7551104178,KBNG,2024-07-17T01:25:09Z,2024/09/30,8548936568,3613954540,8439523289,73
Tres-Zap,3061267212,0209632356,CYHT,2024-06-13T00:06:13Z,2024/04/21,1360095942,7926595098,3845227796,13
Otcom,6447066647,7304538686,KHII,2024-07-07T06:07:31Z,2024/06/23,5623319254,8069117435,0491560990,80
Temp,6175438418,1615080511,VOPC,2024-04-05T20:56:56Z,2024/01/31,4747544852,4398631674,5377400690,37
Konklux,2578954836,5202964617,EFKS,2024-07-29T22:06:46Z,2024/09/28,8304412195,0323801099,1710548398,29
Bitchip,6202939699,6277550322,KGLR,2024-03-05T20:05:39Z,2024/06/07,2293647307,0474139832,3661486438,34
Greenlam,2284963730,4425740203,OYSN,2024-08-29T00:07:53Z,2024/10/27,0122540190,6877458605,1079861386,18
Tin,2519061774,8884490286,SBPC,2024-07-10T11:01:30Z,2023/11/12,6884662964,1602392269,4308172500,22
Veribet,7173219388,1138466425,KUTA,2024-01-26T22:23:22Z,2024/07/01,9677455990,2278272365,3580389297,1
Voyatouch,4864062684,9161970247,SBVH,2024-08-12T05:09:53Z,2024/02/09,1170635393,7399435170,0846142600,37
Viva,8641484868,2286732639,OAMN,2024-08-12T08:39:38Z,2023/11/30,8430171290,9585717727,1315294125,14
Daltfresh,0168423367,4235595342,KATL,2024-10-01T12:33:45Z,2024/03/16,7619796614,6299894911,6383003410,75
Tampflex,8293926503,2420927672,KCPS,2024-04-14T12:43:29Z,2024/07/16,8530403657,9466945165,0716698110,63
Alpha,7288843874,0108482731,LPFL,2024-03-24T09:53:39Z,2024/03/14,2887710869,4832483285,6712768950,15
Matsoft,0047160772,2685792627,AYJS,2024-01-11T11:37:56Z,2023/12/04,2548902013,3462206117,0676552307,14
Mat Lam Tam,3823271326,1693865033,GAKA,2024-07-11T13:35:10Z,2024/05/23,3767463938,9704949693,3423864001,50
Fix San,5053233160,7074382345,VCCH,2024-03-15T01:16:05Z,2024/01/28,5541512999,3174083079,7851496683,57
Fix San,2985951216,4997242691,CZFA,2024-02-10T21:43:02Z,2024/06/01,8043258287,5212112850,8744783485,73
Bitwolf,0330937774,2629944654,,2024-09-19T20:06:23Z,2023/12/06,3778993038,4519931967,6222821456,68
Duobam,0763113557,5768692282,LGLM,2024-03-28T01:13:07Z,2023/11/20,7573337868,9859567042,9220157365,7
Temp,3193290343,8289075162,SNPU,2024-09-08T06:46:33Z,2024/05/25,4830754370,7447381519,5956260440,76
Subin,6399844517,9379859910,AYDI,2024-06-04T20:39:25Z,2024/09/22,1901511782,7608619910,5924842819,94
Trippledex,5123055037,9849614552,KFSU,2024-04-20T11:20:26Z,2024/02/21,0350989354,4586733411,0767629809,56
Voyatouch,1999549716,9103968006,YGLI,2024-05-28T05:15:39Z,2023/11/27,7926296996,3636673548,0703586734,98
Treeflex,9040996202,3934504973,ENAT,2023-12-16T19:07:40Z,2024/06/22,0298236478,7632496874,1129774988,79
Pannier,7491924093,1301889164,OIFK,2024-08-08T18:24:01Z,2023/12/29,0435507788,6139862396,1403355460,26
Fintone,1634672542,1450245730,FALE,2024-02-03T22:36:47Z,2024/07/24,2544814179,1299001025,8522845077,15
Lotlux,0398761345,0365378658,ZYSQ,2024-02-07T20:13:03Z,2024/10/02,4150229864,5897405514,0822475499,97
Y-find,5713273393,8853269790,FTTY,2024-03-26T16:49:55Z,2024/07/07,8128252038,6900494420,8591593006,98
Zoolab,4971729984,4654184198,OPKD,2024-10-05T20:58:22Z,2024/02/04,7767850439,1539160653,6842960665,35
Sonsing,6941379162,5773955164,KOKK,2024-01-15T08:10:33Z,2024/06/14,2241444014,4514170194,3916351362,6
Bitchip,5884214650,5741053041,SNOE,2024-06-15T15:47:28Z,2023/12/24,1340432145,2380811474,9067989533,86
Fix San,3041357429,8352960628,RJFS,2024-03-24T23:49:10Z,2024/07/26,1153217139,5941657870,8870526496,52
Gembucket,3862847993,3069541100,CYZW,2024-08-03T08:50:52Z,2024/04/10,4769730489,2270530012,1335822879,86
Y-find,1739994035,6347613220,SSAP,2024-05-06T07:57:49Z,2024/02/19,5914573726,6159909983,3918233367,64
Tampflex,8042165420,4400255034,MMCZ,2024-05-16T13:36:42Z,2024/05/23,1991095244,0437338223,9106792006,69
Lotstring,8096607456,3461185302,CAP3,2024-08-19T03:48:50Z,2023/11/17,1795639873,0642370427,3931960684,98
Kanlam,5567927630,1687692807,SBBW,2024-02-28T08:31:59Z,2024/04/01,6650882844,5549830302,8923227285,38
Bamity,0402561562,3182330020,CYDP,2024-03-02T23:42:05Z,2024/02/07,9463127003,4839329192,9142871107,11
Zathin,8959489832,2878543661,MMGM,2024-07-31T09:26:18Z,2024/06/27,4586765798,0833717227,0958293236,45
Pannier,5642415840,7585192053,CEM3,2024-03-09T12:29:01Z,2024/02/20,5473839193,9959007197,8280131973,30
Ventosanzap,3054187543,4081419671,KBID,2024-07-26T06:01:52Z,2024/03/15,3254991249,0242436404,3714810315,55
Fintone,7552134267,2440905550,KCIN,2024-05-15T08:45:28Z,2024/08/12,0536084025,3262624535,9226125929,47
Solarbreeze,9264631402,0573899851,NTGP,2024-08-09T23:58:47Z,2023/11/30,1338470833,9637909400,7960052344,83
Toughjoyfax,1825563934,8764802906,WAPG,2024-04-19T01:37:04Z,2023/11/02,3501226705,8932611564,8795537228,71
Duobam,5684338720,4911108428,BIHU,2024-07-09T02:39:38Z,2023/11/16,6452480723,4571582544,6770169959,32
Kanlam,7567659344,2582503290,KVEL,2024-07-16T07:37:00Z,2024/02/28,8678273356,2246750733,6574624622,57
Bitchip,9935893383,8051096630,KPTT,2024-02-13T21:30:22Z,2024/09/18,7192094013,4822280365,1407306286,51
Fixflex,1265271712,3041047535,VIAX,2024-07-07T05:40:33Z,2024/10/06,1697580009,8844340755,7538067817,31
Asoka,7363787522,3761000480,FKYS,2024-09-30T10:09:26Z,2024/03/24,2058932277,1066796289,1753375142,61
Cardguard,6212554153,4586733268,YIFL,2023-11-25T07:51:22Z,2024/10/29,9735323230,5743898189,5180237483,20
Asoka,6816138635,6546220164,Z48,2024-02-09T16:39:48Z,2024/09/20,3013882220,1001931688,4937843621,81
Sonair,9932864609,9213284365,ZUNP,2024-10-27T04:33:26Z,2024/07/26,7755518841,2851941291,2493671635,74
Toughjoyfax,2003308237,9297345794,SKCM,2023-11-12T06:21:15Z,2024/08/04,3070981232,0044039816,1350383686,38
Pannier,6207110641,8943085834,YCOD,2024-04-16T05:47:46Z,2024/10/15,1625788312,3679092628,3057066402,97
Alphazap,1522574573,1660780403,CYPL,2024-06-16T13:24:24Z,2024/08/10,8702777339,4481016078,9503021995,17
Subin,5550510219,8618637939,YWYM,2023-11-10T12:42:18Z,2024/09/14,9186683926,2478608480,2175902951,13
Bitwolf,5771570532,2849468673,CZSW,2023-11-02T03:01:41Z,2024/05/19,1302741802,5396769076,0425883566,26
Ronstring,0040761754,7106022551,LNMC,2024-08-16T13:29:18Z,2024/04/28,9214917981,2246396190,6365546548,26
Otcom,5454435902,2018040839,ESMK,2024-03-10T12:39:21Z,2023/11/05,5168020801,7142888172,4510272138,59
Bitwolf,0269149619,5206272566,KFOK,2024-01-13T22:15:18Z,2024/03/07,8539834189,2164514939,1975170164,99
Opela,4545029957,3281599184,KISO,2024-08-18T15:11:32Z,2024/08/02,5019476625,1989882218,9914527760,26
Bigtax,7410723998,4987895781,EFTU,2024-05-25T17:56:47Z,2024/07/07,2817784618,1376791285,3844328467,94
Viva,0003257738,1458656608,KSLB,2024-04-19T23:01:38Z,2023/11/18,1745280340,0739428691,3839821169,59
Toughjoyfax,7525518769,5046488744,YMNE,2024-05-25T08:20:14Z,2024/02/09,6764731659,9482441214,8906483252,10
Andalax,2290344311,4119894142,SKMF,2023-11-29T05:53:58Z,2024/06/02,7374274785,7494532579,3578455113,16
Matsoft,6198072533,0577041703,GMMA,2024-05-01T06:23:25Z,2024/03/07,8735282576,5875458313,2955049581,37
Sonair,0491346115,7557317440,,2024-03-21T23:42:55Z,2024/06/09,4903973905,5977242646,2457115736,58
Viva,4951283123,4854236493,DFEB,2023-12-25T08:13:29Z,2024/04/20,7893501669,1161784128,1572504242,81
Gembucket,4734296790,7259113065,CYOA,2024-02-11T17:04:42Z,2024/01/07,5951473829,4681979856,8209048821,24
Wrapsafe,0990972615,6391203407,ESUT,2024-07-09T17:40:04Z,2024/05/28,3861332760,9803627090,2893238556,80
Konklux,8770797722,2332370579,YVRS,2024-04-29T05:57:57Z,2024/06/28,5773645386,0887848311,8030887582,17
Flexidy,8291865426,1502605066,LHDC,2024-05-22T15:32:32Z,2024/07/30,5588976851,7578684183,1057170089,41
Cardguard,8974702975,7894629804,KDTA,2024-06-29T12:25:01Z,2024/04/29,8112743436,7187974574,4894152320,59
Matsoft,8948680498,8564695758,HCME,2024-04-15T14:08:19Z,2024/05/18,4725130699,0980071534,2794452886,40
Fixflex,5648875630,8791510104,HKMS,2024-01-30T16:00:40Z,2024/02/11,5580564449,4492096485,9032309463,81
Daltfresh,1585908258,7295900276,,2024-08-03T11:32:09Z,2024/04/05,0811188523,0476564328,9388028546,17
Treeflex,3434519238,0956874290,KMKG,2024-08-03T23:14:41Z,2023/12/30,5859367643,9855521838,1117294048,6
Zamit,0630230161,5629777386,DTTJ,2024-06-04T17:02:49Z,2024/09/28,5705220812,0445771585,5758275107,10
Zaam-Dox,6445728669,2421658667,PHUP,2024-02-29T14:40:11Z,2024/06/06,7077225933,5402645981,1778665136,60
Otcom,8725116657,7146912930,KNUW,2024-02-25T03:02:20Z,2023/11/12,2033936430,0243511248,0880122641,52
Bamity,3729502115,7058832668,SBUR,2024-08-12T19:20:27Z,2024/03/21,6824688967,7884216450,5763993373,49
Hatity,5050840031,2512407802,VEAT,2024-02-02T10:24:49Z,2024/09/13,4570744524,6025009430,7542907441,58
Duobam,9663438886,5926854237,RPNS,2024-06-25T19:50:21Z,2024/08/26,6200620180,5269603810,5421074366,98
Alphazap,1033555398,7074999040,ZBAD,2024-10-08T17:08:30Z,2024/10/06,4890054421,3166209468,8082927356,41
Temp,5645987349,8111776438,CZGR,2023-12-18T06:35:54Z,2024/03/31,2044949873,8086456013,1735415286,69
Rank,5645619404,8675614071,OEZL,2024-02-22T04:57:33Z,2024/10/11,0282511695,1574110993,4809897141,64
Stim,8592437652,5653201502,SBPA,2024-05-11T12:51:58Z,2023/11/28,2670772161,8290608470,7403851390,66
Pannier,0560879075,9030995149,UTAK,2024-01-22T21:27:30Z,2024/08/24,3426360756,2201748535,8308349595,13
Redhold,0875994601,9988522886,OSKL,2023-12-14T17:29:27Z,2024/09/28,3811715887,2097671284,6529998934,28
Lotstring,4728303314,1561586234,ZUMY,2023-11-03T13:53:54Z,2024/05/04,0066887577,5350758039,0450841499,65
It,8962107295,2533800864,KCRT,2024-02-21T10:12:10Z,2023/12/03,7634495077,1511379170,3868964495,58
Trippledex,8768789327,1352736888,MHLC,2024-06-26T12:02:57Z,2024/05/11,3167480122,2850720070,9104511972,60
Duobam,4001592908,0857604368,MMIA,2023-12-10T20:38:57Z,2024/04/16,8276037798,1272043614,7084884424,1
Zoolab,3052438441,2521195278,KSFO,2023-12-02T17:08:13Z,2024/01/01,8054753160,3284975713,7124122031,62
Konklux,7566514474,4500851518,NFTE,2024-04-23T02:00:38Z,2023/12/01,8081905650,6435873194,5278647566,43
Y-find,9891690938,6703960615,KBWP,2023-11-12T00:20:48Z,2023/12/17,1513944363,5488997857,0319413144,78
Aerified,9560498525,0253328349,DXNG,2024-08-15T03:54:16Z,2024/01/12,2224797826,0841333246,0996746129,66
Tin,3549374283,6580991690,SBFN,2024-09-14T04:14:27Z,2024/03/12,7121946661,5664200367,6972744814,85
Trippledex,9953307997,6193623345,KTNP,2024-01-02T04:55:30Z,2024/09/20,6200526419,3208954824,9323063134,69
Bitchip,3323023056,8748863831,KSAT,2024-10-25T19:26:16Z,2023/11/23,4851615582,6030768883,3210840989,79
Fintone,8228202385,8787614839,HBBE,2024-01-20T08:37:13Z,2024/07/25,7522600855,7675227476,2069267989,47
Zoolab,0752988433,7377190515,YMND,2023-12-17T11:28:46Z,2024/02/28,5776034728,6021511239,9598379434,41
Flowdesk,3809711411,6370011207,WARB,2024-07-19T17:59:35Z,2023/12/04,7272919450,4868519565,8893587491,32
Viva,5731355851,2835235078,,2024-02-14T20:25:48Z,2024/07/23,5329185416,6936732178,4006504470,82
Sonair,2849314056,7761947341,SLSB,2024-07-07T10:12:10Z,2024/09/08,6349144848,6402030759,6861014958,96
Zamit,2794702181,0707585287,MMES,2023-11-09T06:25:29Z,2024/02/02,0437625389,3895585742,5434196600,70
Matsoft,7272699736,9183920234,SSSG,2024-02-27T18:24:01Z,2024/02/10,6232873068,4540959948,8322994591,11
Zoolab,6822271708,4661813618,MUNB,2024-04-05T00:29:41Z,2024/09/21,1647210801,4649098157,0825985455,4
Vagram,5741035469,5726709667,ESSW,2024-03-17T04:20:00Z,2024/06/05,1370494823,6489714183,2481954742,56
Cardify,6544548715,2696841276,AYEN,2024-01-18T06:07:19Z,2024/07/18,0660109220,9170211876,5941705808,77
Veribet,0834237679,1934502731,GQPZ,2023-11-10T08:47:21Z,2024/10/05,5584677795,2666006301,2738514308,51
Matsoft,7571393655,9205109665,HSFA,2024-05-25T19:31:08Z,2024/03/06,8601669379,0809413795,2605129470,53
Matsoft,1270356720,5659754910,MMVR,2024-07-02T05:12:09Z,2024/07/13,0433002549,3683017120,2575733200,56
Veribet,7363917280,8703437574,FXLK,2024-01-10T20:36:04Z,2024/03/18,4301470700,5543588984,2827516489,76
Matsoft,2216922250,4536168028,KAGO,2024-09-07T13:56:24Z,2024/06/11,5208422999,6978794104,7788408050,15
Bigtax,8466636358,4687751784,ZJQH,2024-07-30T10:41:33Z,2024/06/19,5399638509,8670155893,3504164522,44
Veribet,7573985002,1806833999,VEKM,2024-05-26T14:29:08Z,2024/07/24,7591683993,1947756575,1141489554,48
Veribet,7726990384,9678478188,NTKT,2023-11-25T23:26:46Z,2024/03/22,0063322269,9552584620,3714707301,46
Bigtax,7325229437,1580840108,KBVY,2024-01-05T00:22:25Z,2024/01/04,1242648682,8336608222,2972075749,75
Konklab,5436830358,4864969027,FZAB,2024-08-02T11:56:35Z,2024/08/20,0277922909,7092662990,4507432162,5
Sonsing,3619393818,0615541100,UWGG,2024-05-23T11:31:54Z,2023/11/13,7685198517,9299881022,3053700107,46
Bytecard,9703148913,4349445552,YJIN,2023-11-17T16:35:19Z,2023/12/24,9100654574,7273081558,3151195164,46
Viva,0816040427,0994220278,KAIV,2023-11-10T17:12:35Z,2024/01/01,2380879478,4547905754,5277021930,78
Overhold,1733946748,3497635723,SSCK,2024-05-15T21:19:02Z,2024/02/17,0729354733,6062799326,4075276198,42
Stim,2408001382,6600249250,VYMO,2024-06-25T09:50:12Z,2023/12/10,3456626657,6952765514,4526581704,48
Prodder,3082628761,4683548356,EDDE,2023-12-04T13:21:08Z,2024/08/04,7252724719,7566570099,3944694511,47
Treeflex,2269492293,2362535428,CKQ3,2024-05-24T06:08:57Z,2024/05/12,2241454257,8600527007,2671427441,81
Job,6835489073,8680759236,AK33,2024-03-19T18:18:34Z,2024/04/26,3453756703,6299421819,8807956683,82
Bamity,5132064345,8446457024,WATO,2024-10-01T18:55:17Z,2024/03/16,9160153008,6568538892,8564626454,63
Cardguard,2850327220,4889408169,LFRI,2024-09-22T09:24:24Z,2024/10/05,2443591530,8331347617,2768179345,63
Andalax,0028822021,0267799187,RJER,2024-09-29T00:41:18Z,2024/07/22,9440311894,0575989556,0743035836,59
Lotstring,9570548347,6867404758,4TE8,2024-08-27T01:45:06Z,2024/06/20,5256525204,8727460673,2786581427,25
Biodex,7646854921,1733448381,YMGB,2024-07-04T15:02:58Z,2024/09/18,4245273631,0396926142,0343794667,10
